{
  "date": "2020-10-28T17:29:06.630Z",
  "thumbnail": "/img/uploads/blog-adequim-mofo-o-que-e-capa.webp",
  "title": "Mofo em casa: saiba mais sobre as causas e como combater",
  "description": "Entenda mais e saiba como prevenir o mofo. Confira!",
  "body": "![Mofo em casa: saiba mais sobre as causas e como combater](/img/uploads/blog-adequim-mofo-o-que-e-1200-350.webp \"Mofo em casa: saiba mais sobre as causas e como combater\")\n\nMotivo de muito incomodo em diversos ambientes, causando desconforto estético e para saúde, o mofo tem origem em locais úmidos e sem incidência de luz solar. A boa notícia é que existem formas de combater e prevenir esse “inimigo”. O importante é saber como. Confira!\n\n## Mas afinal, o que é o mofo?\n\nMofo são fungos que têm um conjunto de filamento de células chamadas de hifas. Propagadas por meio de esporos, o mofo incide no ambiente por meio de manchas pretas através de superfícies úmidas, **especialmente em paredes e tetos**. Como dito anteriormente, a umidade e a falta de luz solar são agentes propagadores dos fungos, sendo o primeiro essencial para o desenvolvimento.\n\n## Mofo e bolor não são a mesma coisa\n\nMuitos acham que ambos são iguais, mas apesar do bolor também ser causado por fungos, a semelhança para por aí. No caso do bolor, os fungos apenas infectam, enquanto **o mofo pode até mesmo corroer a superfície atacada**. Sendo mais simples de ser eliminado, o bolor é facilmente encontrado em relevo e com apenas um pano úmido pode ser eliminado dos materiais e objetos por ele acometido.\n\n## O mofo para a saúde\n\nProblemas respiratórios e de pele são as principais enfermidades que o mofo pode causar para as pessoas, principalmente para aquelas que possuem baixa imunidade e ou doenças crônicas como bronquite e asma. Para se ter uma ideia, a umidade em ambientes é responsável por cerca de 13% da asma crônica em crianças.\n\nDoenças de pele como eczema e dermatite atópica também podem ser causadas pelo mofo. A OMS (Organização Mundial da Saúde) atesta que a umidade e o mofo podem sim causar danos para a saúde, **além de confirmarem que a prevenção é a melhor maneira para combater.**\n\n![Blog Adequim - A limpeza é aliada contra o mofo](/img/uploads/blog-adequim-limpeza-aliada-contra-o-mofo.webp \"A limpeza é aliada contra o mofo\")\n\n###### A limpeza é aliada contra o mofo\n\n## Onde posso encontrar o mofo em casa?\n\nComo é de se imaginar, o banheiro é o cômodo mais afetado da casa. Mas ambientes como a cozinha e os quartos também são locais suscetíveis ao aparecimento do mofo. Este último principalmente à noite por conta da umidade originada da respiração e sudorese durante o sono. Abaixo seguem alguns números relacionados à umidade nos ambientes:\n\n* Há 70% de umidade nos quartos quando dormimos com janelas fechadas\n* **Após o banho, o banheiro acumula até 90% de umidade**\n* Closets podem chegar à 70% de umidade\n* Uma sala de estar pode chegar a 65% de umidade quando 4 pessoas estão nela\n\n## Causas do mofo \n\nComo podemos ver, **a umidade é a principal aliada na formação dos fungos causadores do mofo**, mas também ambientes fechados, sem luz e circulação de ar contribuem significativamente com a elevação da umidade e aparecimento do mofo. Precisamos considerar também a localização geográfica: regiões litorâneas, perto de encostas ou sem luz natural são mais afetadas pelo mofo.\n\n## Problemas com mofo: há solução \n\nA prevenção é a melhor solução. É importante manter os ambientes limpos, ventilados e secos para evitar o surgimento dos fungos. Mas [produtos preventivos](https://www.adequim.com.br/antimofo), principalmente com ação bactericida e fungicida, podem combater o mofo e manter sua casa conservada e evitar problemas de saúde. \n\nProntos para manter a casa limpa e segura? A [Adequim](https://www.adequim.com.br/) ajuda você a cuidar de você e sua casa com uma linha de [antimofos preventivos](https://www.adequim.com.br/antimofo-preventivo-kryll-1-litro) e [aditivos para tintas](https://www.adequim.com.br/antimofo-aditivo-para-tintas-kryll-500-ml). Confira em nosso site e até o próximo post.",
  "meta_description": "O mofo tem origem em locais úmidos e sem incidência de luz solar. A boa notícia é que existem formas de combater e prevenir esse “inimigo”. O importante é saber como. Confira!",
  "meta_title": "Mofo em casa: saiba mais sobre as causas e como combater - Blog da Adequim"
}