{
  "description": {
    "title": "Impermeabilizante e antimofo é na Adequim",
    "text": "Encontre produtos para a manutenção de seu espaço, além de sua proteção."
  },
  "links_1": {
    "list_pages": true,
    "title": "Institucional",
    "list": []
  },
  "links_2": {
    "list_categories": true,
    "title": "Categorias",
    "list": []
  },
  "contacts": {
    "title": "Contato",
    "phone_wpp": true,
    "socials": true,
    "email": true,
    "address": true
  },
  "stamps": [
    {
      "src": "/img/uploads/ssl-safe.png",
      "alt": "Secure connection"
    }
  ],
  "payment_methods": {
    "bb": false,
    "visa": true,
    "boleto": true,
    "aura": true,
    "banrisul": false,
    "elo": true,
    "hipercard": true,
    "hsbc": false,
    "bradesco": false,
    "santander": false,
    "mastercard": true,
    "paypal": false,
    "citibank": false,
    "diners": true,
    "mais": false,
    "amex": true,
    "itau": false
  },
  "credits": "Copyright © 2021 Adequim | Todos os direitos reservados | Adequim Comércio de Produtos Químicos Ltda - CNPJ: 17.323.537/0001-95"
}