{
  "marketing_stripe": {
    "text": "Frete Grátis a partir de R$ 99 (Sul e Sudeste)",
    "link": "",
    "background": "#502b80",
    "color": "#ffffff"
  },
  "contacts_stripe": {
    "pages": [
      {
        "title": "Segunda à sexta das 09:00 às 17:00"
      },
      {
        "title": "Entrega para todo Brasil"
      }
    ],
    "phone_wpp": true,
    "socials": true
  },
  "categories_list": {
    "featured": [
      "/antimofo?Antimofo",
      "/impermeabilizantes?Impermeabilizantes",
      "/mascaras?Máscaras"
    ],
    "random": 0,
    "full_width": false
  },
  "search_input": true
}