{
  "pkg": "@ecomplus/widget-opinioes-verificadas",
  "active": true,
  "desktopOnly": false,
  "enableCheckout": false,
  "disablePages": true,
  "options": {
    "stamp": "<meta class=\"netreviewsWidget\" id=\"netreviewsWidgetNum3913\" data-jsurl=\"//cl.avis-verifies.com/br/cache/7/3/3/7336f5ae-c467-9cd4-51e2-b4829f310543/widget4/widget01-3913_script.js\"/><script src=\"//cl.avis-verifies.com/br/widget4/widget01_FB3.min.js\"></script>",
    "tagJs": "<script charset=\"utf-8\" src=\"//cl.avis-verifies.com/br/cache/7/3/3/7336f5ae-c467-9cd4-51e2-b4829f310543/AWS/PRODUCT_API/tag.min.js\"></script>"
  },
  "headAppend": "src/append/head",
  "bodyAppend": "src/append/body",
  "productCardSlots": "src/append/product-card-slots",
  "productSlots": "src/append/product-slots",
  "productDescriptionAppend": "src/append/product-block",
  "stampsAppend": "src/append/stamps",
  "useJquery": true
}