{
  "assetsByChunkName": {
    "vendors~app-account~app-confirmation~app-order": "chunk.b9d3b05d458f25a186b4.js",
    "vendors~app-account~app-checkout": "chunk.28e0b834ef6e51a8fec1.js",
    "vendors~app-cart~app-checkout": "chunk.c5401eee252b05d85b5e.js",
    "admin": [
      "admin.e26cac0914c94a945b3a.js",
      "admin.e26cac0914c94a945b3a.js.map"
    ],
    "app-account": "chunk.669708000e03621fbfb6.js",
    "app-confirmation": "chunk.141d6e41aabbfeb147ad.js",
    "app-order": "chunk.72813f5c89401d4d468a.js",
    "checkout": [
      "checkout.6a7ed2c28c4a5946e6a3.js",
      "checkout.6a7ed2c28c4a5946e6a3.js.map"
    ],
    "storefront": [
      "storefront.bedc6b1a59be2bfbb681.css",
      "storefront.21839e068ac24c0a3e55.js",
      "storefront.bedc6b1a59be2bfbb681.css.map",
      "storefront.21839e068ac24c0a3e55.js.map"
    ],
    "vendors~app-cart": "chunk.c75346a686ed6e192f2f.js",
    "vendors~app-checkout": "chunk.4b17fa762f67f6fc67c5.js"
  }
}